#SNP_NAME	REF_ALLELE	ALT_ALLELE	CHR	POS	STRAND
GS34251	T	C	X	88666325	+
GS34251	T	C	Y	2934912	+
GS35220	C	T	X	90473610	+
GS35220	C	T	Y	4550107	+
rs11096957	T	G	4	38776491	-
rs12828016	G	T	12	998365	+
rs156697	A	G	10	106039185	-
rs1801262	T	C	2	182543455	-
rs1805034	C	T	18	60027241	+
rs1805087	A	G	1	237048500	+
rs2247870	G	A	5	90151589	-
rs2286963	T	G	2	211060050	+
rs3742207	T	G	13	110818598	-
rs3795677	G	A	1	240492734	+
rs4075254	G	A	15	86123988	-
rs4619	A	G	7	45932669	+
rs4843075	G	A	15	86124555	+
rs5215	C	T	11	17408630	+
rs6166	C	T	2	49189921	-
rs649058	G	A	1	74941293	+
rs6557634	T	C	8	23060256	+
rs6759892	T	G	2	234601669	+
rs7298565	G	A	12	109937534	+
rs753381	T	C	20	39797465	-
rs7627615	G	A	3	183818416	+
rs8065080	T	C	17	3480447	+
